|name|average_rate|nb_of_reviews|address|city|postal_code
0|Pizza Wawa|4.5|1535|35 Rue Saint-Honoré, 75001 Paris|Paris|75001
1|Pizzeria Iovine's|4.5|2591|7bis Rue du Colonel Driant, 75001 Paris|Paris|75001
2|Milo|4.6|579|44 Rue Saint-Honoré, 75001 Paris|Paris|75001
3|La Tavola Calda|4.5|513|39 Rue des Bourdonnais, 75001 Paris|Paris|75001
4|Liberto|4.7|1697|23 Rue Berger, 75001 Paris|Paris|75001
5|PIZZA e MOZZA|4.3|1048|1 Rue des Innocents, 75001 Paris|Paris|75001
6|COME PRIMA by OSKIAN|4.3|720|139 Rue Saint-Honoré, 75001 Paris|Paris|75001
7|Rarita Paris|4.6|405|100 Rue Saint-Honoré, 75001 Paris|Paris|75001
8|Pizza Nelly.|4.1|241|19 Rue Duphot, 75001 Paris|Paris|75001
9|Gambino|4.3|1142|6 Rue Gomboust, 75001 Paris|Paris|75001
10|Domenico|4.3|364|3 Rue des Pyramides 1er, 75001 Paris|Paris|75001
11|Uno|4.4|816|37 Rue Berger, 75001 Paris|Paris|75001
12|Valentino|4.5|295|26 Rue du Bouloi, 75001 Paris|Paris|75001
13|Bella Piazza|4.5|573|8 Rue de la Petite Truanderie, 75001 Paris|Paris|75001
14|Pizza Mimmo|4.2|449|14 Rue Saint-Denis, 75001 Paris|Paris|75001
15|Gemini Halles|4.1|616|16 Rue des Halles, 75001 Paris|Paris|75001
16|Magagna Pizza Corsica|4.9|47|30 Rue Coquillière, 75001 Paris|Paris|75001
17|Restaurant La Fontaine d'Italie|4.3|348|23 Rue Molière, 75001 Paris|Paris|75001
18|Casa Festa|4.5|1120|16 Rue Jean-Jacques Rousseau, 75001 Paris|Paris|75001
19|Enza & Famiglia pizzeria|4.4|351|19 Rue du Roule, 75001 Paris|Paris|75001
20|Pendino|4.3|659|6 Rue de l'Échelle, 75001 Paris|Paris|75001
21|Cinquecento|3.9|1433|38 Rue Saint-Denis, 75001 Paris|Paris|75001
22|Caffe dei Fratelli|4.2|656|10 Rue des Pyramides, 75001 Paris|Paris|75001
23|Pizza Time® Châtelet|3.9|66|33 Rue Saint-Denis, 75001 Paris|Paris|75001
24|Liberta|4.4|1042|32 Rue du Pont Neuf, 75001 Paris|Paris|75001
25|La Perla|4.3|3759|5 Rue Montorgueil, 75001 Paris|Paris|75001
26|Ristorante Fellini|4.3|150|47 Rue de l'Arbre Sec, 75001 Paris|Paris|75001
27|Tutti Amici|4.4|210|47 Rue Saint-Honoré, 75001 Paris|Paris|75001
28|Pizza chez Gino|4.0|133|22 Rue des Bourdonnais, 75001 Paris|Paris|75001
29|Presto Fresco|4.4|5016|14 Rue Montmartre, 75001 Paris|Paris|75001
30|Chez Alexandre|4.1|417|16 Rue du Louvre, 75001 Paris|Paris|75001
31|Il Fico|4.5|226|31 Rue Coquillière, 75001 Paris|Paris|75001
32|Restaurant Casanova - Cucina Italiana|4.1|158|6 Rue des Lavandières Sainte-Opportune, 75001 Paris|Paris|75001
33|5PIZZ Châtelet|3.7|125|49 Bd de Sébastopol, 75001 Paris|Paris|75001
34|Trattoria Bellusci|3.9|145|10 Rue du Marché Saint-Honoré, 75001 Paris|Paris|75001
35|Le Papacionu Paris|4.6|1649|7 Rue Cadet, 75009 Paris|Paris|75009
36|Pizza Rustica Montorgueil|2.8|4|36 Rue Montorgueil, 75001 Paris|Paris|75001
37|Enza & Famiglia trattoria|4.4|288|89 Rue Saint-Honoré, 75001 Paris|Paris|75001
38|Fuxia|3.4|1043|42 Pl. du Marché Saint-Honoré, 75001 Paris|Paris|75001
39|ACDS Restauration|2.5|2|35 Rue Saint-Honoré, 75001 Paris|Paris|75001
40|La Corte|4.5|196|320 Rue Saint-Honoré, 75001 Paris|Paris|75001
41|Capri Saint-Honoré|4.1|658|42 Pl. du Marché Saint-Honoré, 75001 Paris|Paris|75001
42|Dalmata Pizza|4.5|2384|8 Rue Tiquetonne, 75002 Paris|Paris|75002
43|IT - Italian Trattoria Rambuteau|4.1|3707|74 Rue Rambuteau, 75001 Paris|Paris|75001
44|Enza Famiglia 196 ST-HONORE|4.2|258|196 Rue Saint-Honoré, 75001 Paris|Paris|75001
45|Pizza Rossi|4.4|783|24 Rue Blondel, 75002 Paris|Paris|75002
46|IL TIMO, Pasta Etcaetera.....|4.3|392|77 Rue Saint-Honoré, 75001 Paris|Paris|75001
47|Damigiana|4.5|356|58 Rue Jean-Jacques Rousseau, 75001 Paris|Paris|75001
48|Pizza Democrazia|5.0|1|13 Rue Montorgueil, 75001 Paris|Paris|75001
49|Les Artisans de la Pizza - Pizzeria Paris 2|4.6|25|25 Rue Saint-Marc, 75002 Paris|Paris|75002
50|Papelli|4.6|794|74 Rue du Faubourg Saint-Denis, 75010 Paris|Paris|75010
51|Pizzeria Popolare|4.5|12493|111 Rue Réaumur, 75002 Paris|Paris|75002
52|Crudus|3.9|32|21 Rue Saint-Roch, 75001 Paris|Paris|75001
53|Adaggio|4.5|649|207 Rue La Fayette, 75010 Paris|Paris|75010
54|Peppe Pizzeria|4.5|2351|2 Pl. Saint-Blaise, 75020 Paris|Paris|75020
55|Loulou Restaurant Paris|4.2|1940|107 Rue de Rivoli, 75001 Paris|Paris|75001
56|Pastavino|3.6|246|101 Rue Berger, 75001 Paris|Paris|75001
57|Le Mille Pâtes|4.7|62|5 Rue des Petits Champs, 75001 Paris|Paris|75001
58|Le Bon Frère|4.8|6|16 Rue Jean-Jacques Rousseau, 75001 Paris|Paris|75001
59|Amarinno|4.5|91|2 Rue de Provence, 75009 Paris|Paris|75009
60|O'scià Pizzeria Napoletana|4.2|1468|42 Rue Tiquetonne, 75002 Paris|Paris|75002
61|La Trattoria Della Pasta|3.3|4|14 Rue Jean-Jacques Rousseau, 75001 Paris|Paris|75001
62|PATAPIZZA|4.8|52|20 Rue Eugène Varlin, 75010 Paris|Paris|75010
63|In bocca al lupo|4.6|613|14 Rue Francœur, 75018 Paris|Paris|75018
64|Pizza Chic|4.1|537|13 Rue de Mézières, 75006 Paris|Paris|75006
65|Pizza Rustica|3.8|517|24 Rue Saint-André des Arts, 75006 Paris|Paris|75006
66|L'Assaggio|4.4|97|37 Rue Cambon, 75001 Paris|Paris|75001
67|Senso Pizza|4.7|115|49 Rue Olivier de Serres, 75015 Paris|Paris|75015
68|BRAVA PIZZA|4.6|243|38 Rue du Cardinal Lemoine, 75005 Paris|Paris|75005
69|5PIZZ.com Pizza a 5 Euro a Domicile Pizza Paris 18|4.2|482|30 Rue Marx Dormoy, 75018 Paris|Paris|75018
70|Papelli|4.6|546|61 Rue du Faubourg Saint-Martin, 75010 Paris|Paris|75010
71|PIZZA NAPOLITANA|4.8|13|27 Rue Pierre Fontaine, 75009 Paris|Paris|75009
72|Marmaris|3.2|164|17 Rue Saint-Denis, 75001 Paris|Paris|75001
73|Marzo|4.3|542|5 Rue Paul-Louis Courier, 75007 Paris|Paris|75007
74|Pépé Ronchon|4.8|411|31 Rue Saint-Lazare, 75009 Paris|Paris|75009
75|Matteo Pizza Paris 9 Grands Boulevards|4.7|290|18 Rue du Faubourg Montmartre, 75009 Paris|Paris|75009
76|Domicile Pizza|4.3|209|12 Rue Adolphe Mille, 75019 Paris|Paris|75019
77|Pizzeria Iovine’s|4.9|65|8 Rue Boudreau, 75009 Paris|Paris|75009
78|Le TUB|4.0|339|26 Rue de Beaujolais, 75001 Paris|Paris|75001
79|Le Cosy|3.4|808|26 Rue du Mont Thabor, 75001 Paris|Paris|75001
80|Pizzeria Rebellato|4.1|269|138 Rue de la Pompe, 75016 Paris|Paris|75016
81|Pizza Piano|4.6|231|115rue Saint Martin, 75004 Paris|Paris|75004
82|Luisa Maria|4.4|594|12 Rue Monsieur le Prince, 75006 Paris|Paris|75006
83|La Massara|4.5|1853|70 R. de Turbigo, 75003 Paris|Paris|75003
84|Maria Luisa Pizzeria|4.1|693|2 Rue Marie et Louise, 75010 Paris|Paris|75010
85|Come Prima 20e|4.6|152|76 Rue Alexandre Dumas, 75020 Paris|Paris|75020
86|Popine Sacré Cœur|4.3|1102|10 Rue Dancourt, 75018 Paris|Paris|75018
87|Ciore cuisine napolitaine et epicerie|4.7|206|6 Rue Malher, 75004 Paris|Paris|75004
88|pizza404|4.5|121|4 Rue Poissonnière, 75002 Paris|Paris|75002
89|La Vittoria|4.8|268|173 Rue du Temple, 75003 Paris|Paris|75003
90|CHEZ MILO|4.1|486|16 Rue Maublanc, 75015 Paris|Paris|75015
91|PALLA PIZZA|5.0|2|10 R. des Petites Écuries, 75010 Paris|Paris|75010
92|Le Musset|4.0|1894|169 Rue Saint-Honoré, 75001 Paris|Paris|75001
93|Le Généreux|4.1|374|119 Rue Saint-Denis, 75001 Paris|Paris|75001
94|Pizza Sant'Antonio|4.0|1531|1 Rue de la Verrerie, 75004 Paris|Paris|75004
95|The Hills Pizza|4.7|24|Rue Chénier 6, 75002 Paris|Paris|75002
96|Five Pizza Original - Paris 2 - Réaumur|4.0|358|162 Rue Saint-Denis, 75002 Paris|Paris|75002
97|Pizzeria Iovine's.|4.5|469|27 Rue de Bretagne, 75003 Paris|Paris|75003
98|PizzaPresto Paris|3.6|270|42 Rue de Rivoli, 04 75004 Paris|Paris|75004
99|La Factory Burger Paris|4.5|420|20 Rue des Halles, 75001 Paris|Paris|75001
100|Babalou|4.4|896|4 Rue Lamarck, 75018 Paris|Paris|75018
101|La Cerise sur la Pizza - Rue de Bretagne|4.6|237|14 Rue Froissart, 75003 Paris|Paris|75003
102|Pizza Omilgout|4.9|109|3 Rue de Budapest, 75009 Paris|Paris|75009
103|Café Saint Honoré|4.1|766|194 Rue Saint-Honoré, 75001 Paris|Paris|75001
104|Louie Louie|4.5|1090|78 Rue de Charonne, 75011 Paris|Paris|75011
105|Fluctuat|4.3|124|74 Quai des Orfèvres, 75001 Paris|Paris|75001
106|Racina|4.5|392|43 Rue Descartes, 75005 Paris|Paris|75005
107|Pizzeria Renato|4.3|369|41 Bd du Temple, 75003 Paris|Paris|75003
108|Restaurant Capri|4.4|497|49 Rue Richer, 75009 Paris|Paris|75009
109|PRESTO & CO|4.6|103|39 Rue de Provence, 75009 Paris|Paris|75009
110|Pizza Pino|3.6|1432|27 Bd des Italiens, 75002 Paris|Paris|75002
111|Ademi Montmartre|4.5|611|156 Rue Montmartre, 75002 Paris|Paris|75002
112|L'Artisan du Burger - Les Halles|4.0|1298|94 Rue Rambuteau, 75001 Paris|Paris|75001
115|Arrivederci pizzeria|4.6|1431|47 Rue Gay-Lussac, 75005 Paris|Paris|75005
116|Bonvivant Pizza|4.5|122|4 Rue des Écoles, 75005 Paris|Paris|75005
117|Little Napoli|4.4|131|5 Rue du Pot de Fer, 75005 Paris|Paris|75005
118|Univers Pizza|5.0|80|305 Rue Saint-Jacques, 75005 Paris|Paris|75005
119|La Scarpetta Paris 75005|4.4|193|29 Rue Descartes, 75005 Paris|Paris|75005
120|IL POMOD'ORO|4.8|515|340 Rue Saint-Jacques, 75005 Paris|Paris|75005
121|Pizza Roma Ecoles.|4.1|455|27 Rue des Écoles, 75005 Paris|Paris|75005
122|Rebalto Pinseria|4.6|187|49 Rue Mouffetard, 75005 Paris|Paris|75005
123|Golosino|4.6|436|4 Sq. Vermenouze, 75005 Paris|Paris|75005
124|I LAZZARI|4.5|702|44 Rue de la Montagne Ste Geneviève, 75005 Paris|Paris|75005
125|Les Artisans de la Pizza|4.6|163|318 Rue Saint-Jacques, 75005 Paris|Paris|75005
126|Amore Mio|4.2|436|13 Rue Linné, 75005 Paris|Paris|75005
127|Happiz Monge|4.6|253|9 Rue Monge, 75005 Paris|Paris|75005
128|Pizza sarno|3.9|869|31 Rue de la Harpe, 75005 Paris|Paris|75005
130|Papilla|4.6|408|9 Rue Soufflot, 75005 Paris|Paris|75005
131|Five Pizza Original - Paris 5 - Jussieu|4.2|1281|41-43 Rue Linné, 75005 Paris|Paris|75005
132|Girasole|4.1|230|5 Rue Linné, 75005 Paris|Paris|75005
133|L'Elica.|4.3|428|28 Rue des Écoles, 75005 Paris|Paris|75005
134|Mulberry Street|4.5|574|20 Rue de la Huchette, 75005 Paris|Paris|75005
135|Il Golosone|4.8|191|32 Rue des Carmes, 75005 Paris|Paris|75005
136|Amore e Gusto|4.6|235|47 Rue Descartes, 75005 Paris|Paris|75005
137|Pee And Bee|4.5|399|9 Rue Lagrange, 75005 Paris|Paris|75005
138|LA SIRENA|4.5|506|Bd Saint-Germain 73, 75005 Paris|Paris|75005
139|RESPIRO|4.8|524|18 Rue Maître Albert, 75005 Paris|Paris|75005
140|ALIMENTO|4.3|407|9 Rue de Pontoise, 75005 Paris|Paris|75005
141|Casa Di Peppe|4.3|873|222 Rue Saint-Jacques, 75005 Paris|Paris|75005
142|Bibani Pizza|4.8|62|45 Rue Daubenton, 75005 Paris|Paris|75005
143|Pizza Hut|3.6|228|129 Bd Saint-Michel, 75005 Paris|Paris|75005
144|La Solita Taverna|4.1|508|10 Rue du Fouarre, 75005 Paris|Paris|75005
145|Il Gigolo|4.3|1606|11 Rue de la Huchette, 75005 Paris|Paris|75005
146|La Capannina|4.6|697|64 Rue de la Montagne Ste Geneviève, 75005 Paris|Paris|75005
147|Pizzeria Atre3|4.6|116|21 Rue Berthollet, 75005 Paris|Paris|75005
148|Otiamo|4.7|290|32 Rue de Bièvre, 75005 Paris|Paris|75005
149|Tripletta Latin|4.3|274|2 Bis Rue de l'Arbalète, 75005 Paris|Paris|75005
150|La Comedia|4.0|1271|107 Rue Monge, 75005 Paris|Paris|75005
151|Pizzeria le Quartier Latin** nouvelle gérance depuis juin 2022|4.5|603|1 Rue Mouffetard, 75005 Paris|Paris|75005
152|L'Angolo 42|4.5|442|42 Rue Broca, 75005 Paris|Paris|75005
153|"Au Four à Pizza | Pizzas, Chaussons, Vins italiens, PARIS 5ème"|3.8|30|47 Bd Saint-Michel, 75005 Paris|Paris|75005
154|AMALFI|4.8|33|8 Rue Mouffetard, 75005 Paris|Paris|75005
155|I Diavoletti Trattoria|4.4|276|73 Rue Claude Bernard, 75005 Paris|Paris|75005
156|Ricette Ristorante|4.5|237|10 Rue du Cardinal Lemoine, 75005 Paris|Paris|75005
157|Pizzeria Luciana|3.4|98|187 Rue Saint-Jacques, 75005 Paris|Paris|75005
158|Pizza Cosy|4.6|456|56 Bd Saint-Marcel, 75005 Paris|Paris|75005
159|Amarena Ristorante|3.8|25|88 Rue Mouffetard, 75005 Paris|Paris|75005
160|Pepe Pizza|3.3|105|34 Rue Mouffetard, 75005 Paris|Paris|75005
161|Pasta e Fagioli|4.2|363|82 Rue Claude Bernard, 75005 Paris|Paris|75005
162|PEPITA|4.7|457|88 Bd Saint-Germain, 75005 Paris|Paris|75005
163|VITA NUOVA|4.5|47|17 Rue du Val de Grâce, 75005 Paris|Paris|75005
164|Sacha Pizza|4.5|2|42 Rue Daubenton, 75005 Paris|Paris|75005
165|Prosciutteria Paris - By Forno Gusto|4.6|165|61 Quai de la Tournelle, 75005 Paris|Paris|75005
166|SoHo Trattoria|4.2|1003|33 Rue Saint-Jacques, 75005 Paris|Paris|75005
168|Panuozzo|5.0|1|11 Rue Cujas, 75005 Paris|Paris|75005
170|Rim Café|3.8|379|38 Rue Saint-Séverin, 75005 Paris|Paris|75005
171|Restaurant Oulala Paris Halal|4.4|1235|20 Rue Mouffetard, 75005 Paris|Paris|75005
172|Domino's Pizza Paris 5|3.2|264|40 Bd Saint-Marcel, 75005 Paris|Paris|75005
173|Loriana|3.2|21|11 Rue Xavier Privas, 75005 Paris|Paris|75005
174|Ristorante Italiano|3.6|66|Rue Saint-Séverin, 75005 Paris|Paris|75005
175|Cardinal|3.8|17|1 Pl. de la Contrescarpe, 75005 Paris|Paris|75005
176|Les Balkans|2.5|82|3 Rue de la Harpe, 75005 Paris|Paris|75005
177|Five Pizza Original|4.3|858|32 Bd Saint-Michel, 75006 Paris|Paris|75006
178|BELLA CIAO|4.4|47|14 bis Bd de l'Hôpital, 75005 Paris|Paris|75005
179|Casimodo|3.0|28|71 Quai de la Tournelle, 75005 Paris|Paris|75005
180|Pizza Odessa Montparnasse|4.4|49|10 Rue d'Odessa, 75014 Paris|Paris|75014
181|Ristorante Del Arte|3.7|1464|20 Bd Saint-Michel, 75006 Paris|Paris|75006
182|CANTINELLA|4.6|524|30 Rue du Faubourg Saint-Jacques, 75014 Paris|Paris|75014
183|Pizza Delambre|4.7|131|28 Rue Delambre, 75014 Paris|Paris|75014
184|FAMOUS SLICE New York style pizza|4.6|104|6 Rue d'Odessa, 75014 Paris|Paris|75014
185|Da Pietro Pizzeria|4.3|425|12 Rue Mabillon, 75006 Paris|Paris|75006
187|LE ROYAL|4.2|337|90 Bd de Port-Royal, 75005 Paris|Paris|75005
188|Mkd Fooding|4.0|4|101 Bd Saint-Michel, 75005 Paris|Paris|75005
189|Pizzeria Pepone|3.8|277|3 Rue Grégoire de Tours, 75006 Paris|Paris|75006
190|OGGI|4.2|308|15 Rue d'Odessa, 75014 Paris|Paris|75014
191|Mamma Presto|4.8|60|142 Bd Saint-Germain, 75006 Paris|Paris|75006
192|Pizzeria Positano|4.4|396|15 Rue des Canettes, 75006 Paris|Paris|75006
193|Le Paradiso|4.2|199|81, rue Saint-Louis en L'Ile, 75004 Paris|Paris|75004
194|Café Leone Pizzas et Pâtes|4.6|178|5 Rue d'Arcole, 75004 Paris|Paris|75004
195|AGATA|4.8|321|168 Bd Saint-Germain, 75006 Paris|Paris|75006
196|Pizza Vesuvio - St Germain des Prés|4.0|1088|1 Rue Gozlin, 75006 Paris|Paris|75006
197|Restaurant Chez Bartolo|4.1|570|7 Rue des Canettes, 75006 Paris|Paris|75006
198|Pizza di Gio|4.5|48|48 Rue du Cherche-Midi, 75006 Paris|Paris|75006
200|Trattoria César|4.2|883|81 Bd Saint-Marcel, 75013 Paris|Paris|75013
201|Il Forno Di Napoli|4.4|1093|162 Bd du Montparnasse, 75014 Paris|Paris|75014
202|Pizza Marinara|4.3|104|46 Rue Dauphine, 75006 Paris|Paris|75006
203|Genio Osteria|4.1|33|79 Bd Raspail, 75006 Paris|Paris|75006
204|Le Bistro Italien|3.0|66|1 Pl. de la Contrescarpe, 75005 Paris|Paris|75005
205|Inizio|4.8|146|41 Rue du Montparnasse, 75014 Paris|Paris|75014
206|La piazzetta|4.3|137|1 Rue Bréa, 75006 Paris|Paris|75006
208|Tripletta Gaité|4.3|977|1 Imp. de la Gaité, 75014 Paris|Paris|75014
209|Pizza Cordial|4.1|68|39 Rue Pascal, 75013 Paris|Paris|75013
210|Pizza Del Navona|4.1|626|60 Av. des Gobelins, 75013 Paris|Paris|75013
211|Pizzamore Paris|4.6|478|121 Av. du Maine, 75014 Paris|Paris|75014
212|La Mamma|4.2|299|46 Rue Vavin, 75006 Paris|Paris|75006
213|Marzo|4.3|541|5 Rue Paul-Louis Courier, 75007 Paris|Paris|75007
214|L'isolotto|4.4|650|25 Rue Saint-André des Arts, 75006 Paris|Paris|75006
215|Pizza Girl|4.4|145|132 Rue de Vaugirard, 75006 Paris|Paris|75006
216|Pazzo pasta et pizza en ville|3.9|35|20 Rue du Dragon, 75006 Paris|Paris|75006
217|Mamma Roma Cherche-Midi|4.1|353|55 Rue du Cherche-Midi, 75006 Paris|Paris|75006
218|Pinocchio|4.3|1823|19 Bd Edgar Quinet, 75014 Paris|Paris|75014
219|Bonvivant|4.3|1143|7 Rue des Écoles, 75005 Paris|Paris|75005
220|Delfino|4.2|516|Place Pinel, 1 Rue de Campo-Formio, 75013 Paris|Paris|75013
222|Il Barone|4.5|258|5 Rue Léopold Robert, 75014 Paris|Paris|75014
224|Cucina Mutualité|4.1|300|20 Rue Saint-Victor, 75005 Paris|Paris|75005
225|Pizza e Fichi|4.1|162|7 Rue de la Cerisaie, 75004 Paris|Paris|75004
228|Girasole Due|4.5|347|69 Rue de Croulebarbe, 75013 Paris|Paris|75013
230|AVE Pizza Romana|4.6|451|90 Rue de la Folie Méricourt, 75011 Paris|Paris|75011
231|Basilic & Co|4.6|168|58 Bd Voltaire, 75011 Paris|Paris|75011
232|Sonny’s pizza|4.6|272|5 Rue de la Fontaine au Roi, 75011 Paris|Paris|75011
233|Pizza Pino|3.6|1115|4 Pl. de la République, 75011 Paris|Paris|75011
234|Casa Vina|4.4|105|6 Rue Rampon, 75011 Paris|Paris|75011
235|Pizza 67|4.6|128|67 Bd Voltaire, 75011 Paris|Paris|75011
236|Nolita's Pizza|4.4|139|22 Rue du Faubourg du Temple, 75011 Paris|Paris|75011
237|ARTISANAL PIZZA|4.8|242|99 Rue Oberkampf, 75011 Paris|Paris|75011
238|La Gondola|4.3|341|35 Rue Oberkampf, 75011 Paris|Paris|75011
239|Pizzeria Arlecchino|4.4|139|40 Rue Oberkampf, 75011 Paris|Paris|75011
240|Il Seguito|4.4|542|56 Bd Beaumarchais, 75011 Paris|Paris|75011
241|Pizza house Paris 11|4.7|100|4 Rue Des Trois Couronnes, 75011 Paris|Paris|75011
242|Dai Dai|4.4|546|25 Rue Oberkampf, 75011 Paris|Paris|75011
243|Five Pizza Original - Paris 11 - Oberkampf|4.5|459|122 Rue Oberkampf, 75011 Paris|Paris|75011
244|Pizza Center Milano|4.4|276|36 Rue de l'Orillon, 75011 Paris|Paris|75011
245|Verace Bastille|4.8|232|10 Rue St Sabin, 75011 Paris|Paris|75011
246|Nove|4.4|860|7 Rue de Charonne, 75011 Paris|Paris|75011
247|Ober Mamma|4.5|6504|107 Bd Richard-Lenoir, 75011 Paris|Paris|75011
248|Five Pizza Original - Paris 10 - République|4.6|597|26 Rue du Faubourg du Temple, 75010 Paris|Paris|75010
249|Pizza Mamma Paris|4.7|100|31 Rue Pétion, 75011 Paris|Paris|75011
250|Oxymore|4.7|1710|60 Rue Saint-Maur, 75011 Paris|Paris|75011
251|Da Vito|4.5|320|5 Rue Sedaine, 75011 Paris|Paris|75011
252|La Cerise sur la Pizza - Belleville|4.4|279|96 Rue Jean-Pierre Timbaud, 75011 Paris|Paris|75011
253|Pizza santa Lucia|3.8|168|16 R. Bréguet, 75011 Paris|Paris|75011
254|Terre Rosse pizzeria|4.7|281|14 Rue des Goncourt, 75011 Paris|Paris|75011
255|Louie Louie|4.5|1091|78 Rue de Charonne, 75011 Paris|Paris|75011
256|Rivoluzione|4.4|487|24 Rue des Taillandiers, 75011 Paris|Paris|75011
257|Pizza Mario|4.1|174|19 Av. de la République, 75011 Paris|Paris|75011
258|La Pizza de Nico Paris Bastille|4.6|138|2 Bd Richard-Lenoir, 75011 Paris|Paris|75011
259|Amici Miei|4.4|575|44 Rue St Sabin, 75011 Paris|Paris|75011
260|Ammazza|4.4|637|5 Rue St Sabin, 75011 Paris|Paris|75011
261|La Petite Venise.|4.4|377|92 Rue du Chemin Vert, 75011 Paris|Paris|75011
262|Pizza Di Roma|3.9|14|129 Rue Amelot, 75011 Paris|Paris|75011
263|Restaurant Italien Arlecchino|4.3|458|42 Av. de la République, 75011 Paris|Paris|75011
264|Domino's Pizza Paris 13 - BNF|4.2|131|40 Rue de Tolbiac, 75013 Paris|Paris|75013
266|La Piola Sciacatra Pizzeria Trattoria|4.6|254|43 Rue de Tolbiac, 75013 Paris|Paris|75013
267|L'ATELIER PIZZA|4.8|116|4 Rue Jeanne d'Arc, 75013 Paris|Paris|75013
268|Piacere pizza|4.3|367|81 Rue Bobillot, 75013 Paris|Paris|75013
269|Chez Gino - Pizza Feu de Bois|4.2|928|80 Rue Dunois, 75013 Paris|Paris|75013
270|Le comptoir à pizza|3.8|162|102 Av. d'Italie, 75013 Paris|Paris|75013
271|Pizza Cinq Diamants|4.3|126|54 Rue des cinq Diamants, 75013 Paris|Paris|75013
272|Casa Angeli|4.7|193|27 Bd Auguste Blanqui, 75013 Paris|Paris|75013
273|Andiamo Pizza|4.3|102|113 Rue du Dessous des Berges, 75013 Paris|Paris|75013
274|Woodiz Paris 13ème|4.2|42|124 Bd Vincent Auriol, 75013 Paris|Paris|75013
275|Pizza Hut|3.8|436|Bd Auguste Blanqui 41, 75013 Paris|Paris|75013
276|Pizzeria del Gladiatore Subito|4.1|216|37 Rue Dunois, 75013 Paris|Paris|75013
277|Pizza Pronto|4.3|64|14 Bd Kellermann, 75013 Paris|Paris|75013
278|Pizza Mamma|4.3|85|7 Rue Henri Pape, 75013 Paris|Paris|75013
280|Pizza Italie 2 paris|4.5|115|7 Av. d'Italie, 75013 Paris|Paris|75013
281|Domino's Pizza Paris 13 - Tolbiac|2.6|297|201 Rue de Tolbiac, 75013 Paris|Paris|75013
282|Molto Gusto|3.8|384|111 Rue du Chevaleret, 75013 Paris|Paris|75013
283|Venezia Pizzéria|4.4|282|66 bis Rue Albert, 75013 Paris|Paris|75013
284|Soyouz|4.5|345|11 Rue de l'Espérance, 75013 Paris|Paris|75013
285|FABBREZZA|4.7|396|45 Rue des cinq Diamants, 75013 Paris|Paris|75013
286|Il Fenomenale Pizzeria napolitaine|4.4|184|16 Bd Vincent Auriol, 75013 Paris|Paris|75013
287|La Terrasse d'Italie|4.0|621|21 Av. d'Italie, 75013 Paris|Paris|75013
288|Apollonia|4.2|121|9 Rue Jean Marie Jego, 75013 Paris|Paris|75013
289|Le San Giovani|4.1|214|236 Rue de Tolbiac, 75013 Paris|Paris|75013
290|Bon Gusto|4.7|74|55 Rue Barrault, 75013 Paris|Paris|75013
291|Pizza Hut|3.0|425|33 Rue de Tolbiac, 75013 Paris|Paris|75013
292|Ti Amo Pizza|4.8|39|169 Rue de Tolbiac, 75013 Paris|Paris|75013
293|Nieli|4.2|426|17/19 Rue Louise Weiss, 75013 Paris|Paris|75013
294|LE CONVIVIAL|4.5|104|137 Bd Auguste Blanqui, 75013 Paris|Paris|75013
295|Tra Amici|4.2|154|110 Rue Léon-Maurice Nordmann, 75013 Paris|Paris|75013
296|OTTO|4.8|132|53 bis Bd Arago, 75013 Paris|Paris|75013
297|La Felicità|4.4|15166|5 Parv. Alan Turing, 75013 Paris|Paris|75013
298|Chez Filiberto|4.5|144|59 Rue de Boulainvilliers, 75016 Paris|Paris|75016
299|Pulcinella paris 16|4.6|115|4 Av. Bugeaud, 75016 Paris|Paris|75016
300|Chez ma Poule|4.7|100|7 Rue Gros, 75016 Paris|Paris|75016
301|LE 38 PIZZA|4.5|83|38 Rue du Dr Blanche, 75016 Paris|Paris|75016
302|Domino's Pizza Paris 16 Sud|4.1|508|1 Rue Bosio, 75016 Paris|Paris|75016
303|La Pizzeria d'Auteuil|4.1|683|81 Rue Jean de la Fontaine, 75016 Paris|Paris|75016
304|Non Solo Pizze|4.5|440|5 Rue Mesnil, 75016 Paris|Paris|75016
305|Pizza Mario|4.3|161|116 Rue Lauriston, 75116 Paris|Paris|75016
307|Speed Rabbit Pizza Paris 16|3.9|215|167 Av. de Versailles, 75016 Paris|Paris|75016
308|Pop's|4.7|723|38 Rue du Ranelagh, 75016 Paris|Paris|75016
309|Pizzeria La Matta|4.3|305|23 Rue de l'Annonciation, 75016 Paris|Paris|75016
310|Anita|4.5|362|182 Quai Louis Blériot, 75016 Paris|Paris|75016
311|Forno Gusto Paris - Big Forno Group|4.4|187|43 Rue de Chaillot, 75116 Paris|Paris|75016
312|La Cantina|4.4|648|11 Rue Claude Terrasse, 75016 Paris|Paris|75016
314|Daroco 16|4.2|667|3 Pl. Clément Ader, 75016 Paris|Paris|75016
315|Nonna|4.6|59|20 Rue Mirabeau, 75016 Paris|Paris|75016
316|RAGAZZI|4.2|291|83 Rue de Longchamp, 75116 Paris|Paris|75016
317|Marcello by Venice|4.2|305|10 Bd Delessert, 75016 Paris|Paris|75016
318|Pizza Hut|3.9|188|5 Rue de l'Annonciation, 75016 Paris|Paris|75016
319|PIZZA EXELMANS|4.1|130|32 Boulevard Exelmans, 75016 Paris|Paris|75016
320|Pizza Hut|3.6|564|55 Rue Lauriston, 75016 Paris|Paris|75016
321|Domino's Pizza Paris 16 Nord|3.2|261|50 Rue Desbordes-Valmore, 75116 Paris|Paris|75016
322|Il Cottage|3.8|718|1 Bd Lannes, 75116 Paris|Paris|75016
323|MARZO Rive Droite|4.6|308|84 Rue Lauriston, 75116 Paris|Paris|75016
324|Da Moli|4.2|330|15 Rue Molitor, 75016 Paris|Paris|75016
325|Pizza Hut|3.1|197|45 Rue Jean de la Fontaine, 75016 Paris|Paris|75016
326|Il monello caffè|4.7|64|3 Av. Théophile Gautier, 75016 Paris|Paris|75016
327|Mokus l'Écureuil|4.3|3267|116 Av. Kléber, 75016 Paris|Paris|75016
328|Woodiz Paris 16ème|3.0|116|139 Av. de Versailles, 75016 Paris|Paris|75016
329|Nello Ristorante|4.6|181|16 bis Rue Dufrenoy, 75016 Paris|Paris|75016
330|IL FARNIENTE|4.4|623|59 Rue Jean de la Fontaine, 75016 Paris|Paris|75016
331|Restaurant Villa Murat, pizzeria|4.4|208|131 Bd Murat, 75016 Paris|Paris|75016
332|Lucia Pasta & Pizza|4.7|147|19 Rue Gustave Courbet, 75116 Paris|Paris|75016
333|Piccola Roma|4.5|213|10 Rue Saint-Didier, 75116 Paris|Paris|75016
334|Speed Rabbit Pizza Paris 16 Kléber|3.2|104|69 Av. Kléber, 75016 Paris|Paris|75016
335|Da Alberto|4.3|150|5 Rue Isabey, 75016 Paris|Paris|75016
336|IL PADRINO PIZZA|4.0|42|31 Boulevard Exelmans, 75016 Paris|Paris|75016
337|Giallo Oro|4.5|207|90bis Av. de Versailles, 75016 Paris|Paris|75016
338|Sorella|4.2|316|13 Av. Bugeaud, 75016 Paris|Paris|75016
339|Ozio|4.2|1031|29bis Rue Saint-Didier, 75116 Paris|Paris|75016
340|Pasta Oro|4.4|372|144 Av. de Versailles, 75016 Paris|Paris|75016
341|Alba Ristorante|4.4|467|12 Av. Mozart, 75016 Paris|Paris|75016
342|Alfredo Positano|4.3|138|7 bis Rue de Boulainvilliers, 75016 Paris|Paris|75016
343|Allo Pizza Paris|3.0|2|96 Rue de la Faisanderie, 75016 Paris|Paris|75016
344|VILLA SOPHIA|4.1|760|53 Rue de Chaillot, 75116 Paris|Paris|75016
345|Del Papa|3.8|479|135 Av. de Malakoff, 75016 Paris|Paris|75016
346|Ciro Bistro Italiano|4.0|382|43 Rue de la Pompe, 75116 Paris|Paris|75016
347|Giulio Rebellato|4.1|344|136 Rue de la Pompe, 75116 Paris|Paris|75016
348|Il Conte|4.0|495|47 Av. Raymond Poincaré, 75016 Paris|Paris|75016
349|Tayim|4.5|275|9 Rue Gustave Zédé, 75016 Paris|Paris|75016
350|"SGABETTI | Meilleur Restaurant Italien Paris | Restaurant Italien Paris"|4.4|410|15 Rue des Sablons, 75016 Paris|Paris|75016
351|Ristorante Dino|4.2|289|8 Chau. de la Muette, 75016 Paris|Paris|75016
352|Trattoria Italiana Venise|4.1|185|117 Bd Murat, 75016 Paris|Paris|75016
353|Da Enzo|4.3|265|129 Rue de la Tour, 75116 Paris|Paris|75016
354|Le Jardin|4.2|344|30 Av. de Versailles, 75016 Paris|Paris|75016
355|Restaurant Balilli|4.5|301|15 Rue Goethe, 75016 Paris|Paris|75016
356|Madison Caffe|4.2|1385|10 Chau. de la Muette, 75116 Paris|Paris|75016
357|Settebello|4.7|161|9 Rue Duban, 75016 Paris|Paris|75016
358|Pizzeria Tradition|2.0|8|52 Rue Saint-Didier, 75016 Paris|Paris|75016
359|Non Solo Cucina|4.4|216|135 Rue du Ranelagh, 75016 Paris|Paris|75016
360|Al Piccolo|4.2|160|34 Rue Duret, 75116 Paris|Paris|75016
361|Studio 117|4.2|75|117 Av. Mozart, 75016 Paris|Paris|75016
362|Restaurant le Vinci|4.6|90|23 Rue Paul Valéry, 75116 Paris|Paris|75016
363|Restaurant Iannello|4.5|215|17 Boulevard Exelmans, 75016 Paris|Paris|75016
364|La Terrasse|4.3|291|5 Pl. de Barcelone, 75016 Paris|Paris|75016
365|Pizza Del Capo|1.5|8|40 Rue de la Tour, 75016 Paris|Paris|75016
366|Prego-S|4.0|2|26 Av. Pierre 1er de Serbie, 75016 Paris|Paris|75016
367|Auteuil Brasserie|3.8|3696|78 Rue d'Auteuil, 75016 Paris|Paris|75016
368|La Villa K|4.3|311|14 Rue Gustave Courbet, 75116 Paris|Paris|75016
369|CAMPISI gastronomie traiteur|4.5|128|Angle rue de Boulanvilliers, 1 Rue des Bauches, 75016 Paris|Paris|75016
370|Romeo - Bar & Grill|4.0|870|6 Pl. Victor Hugo, 75116 Paris|Paris|75016
371|Pane e Olio Taverna|4.1|200|117 Av. Mozart, 75016 Paris|Paris|75016
372|Di Vino|3.4|369|1 Pl. de Mexico, 75016 Paris|Paris|75016
373|Fuxia|3.9|345|91 Av. Raymond Poincaré, 75016 Paris|Paris|75016
374|olive & balsamic|4.2|78|35 Rue Duret, 75016 Paris|Paris|75016
375|LE BUFFET D'AUTEUIL|4.0|111|75 Rue d'Auteuil, 75016 Paris|Paris|75016
376|Chez Nelly|4.8|82|39 Rue Jean de la Fontaine, 75016 Paris|Paris|75016
377|Salumeria Caprese|4.2|33|65 Rue Lauriston, 75016 Paris|Paris|75016
378|Romantica Caffé|4.0|126|7 Rue Lauriston, 75016 Paris|Paris|75016
379|Chez Achille|4.9|175|137 Av. de Versailles, 75016 Paris|Paris|75016
380|Bistrot 31|4.6|678|31 Av. Théophile Gautier, 75016 Paris|Paris|75016
381|MANJE & CO|4.0|113|73 Av. Kléber, 75116 Paris|Paris|75016
382|Au Relais Chardon|4.3|145|81 Rue Chardon Lagache, 75016 Paris|Paris|75016
383|Pizza Pizze|4.3|159|12 Rue des Acacias, 75017 Paris|Paris|75017
384|CHEZ TONY bistrot français PARIS 16 La Muette|4.6|250|34 Rue Bois le Vent, 75016 Paris|Paris|75016
385|Au Bon Accueil|4.2|68|12 Rue de Longchamp, 75016 Paris|Paris|75016
386|Le 32|3.8|187|32 Rue des Belles Feuilles, 75116 Paris|Paris|75016
387|Chez Liqi|4.9|21|33 Rue Chanez, 75016 Paris|Paris|75016
388|chez carlo|3.9|16|56 Rue de la Pompe, 75016 Paris|Paris|75016
389|New Delice's|4.0|434|135 Rue Michel Ange, 75116 Paris|Paris|75016
390|Pizzeria San Marino|4.5|98|8 Rue Lakanal, 75015 Paris|Paris|75015
391|Dom's|4.2|130|33 Rue de l'Annonciation, 75016 Paris|Paris|75016
392|Doner king|3.9|571|54 Av. Mozart, 75016 Paris|Paris|75016
393|Da Piero Pizza & Pasta|4.5|320|59 Av. de Suffren, 75007 Paris|Paris|75007
394|La Brasserie Italienne|3.7|184|73 Av. Kléber, 75116 Paris|Paris|75016
395|Restaurant Le Moulin d'Auteuil|3.8|215|75 bis Rue d'Auteuil, 75016 Paris|Paris|75016
396|Le repère Gourmand|3.7|110|31 Bd Murat, 75016 Paris|Paris|75016
397|L'entrepôt|4.8|19|50 Rue de Passy, 75016 Paris|Paris|75016
398|CAFE 55|4.4|95|55 Av. de la Grande Armée, 75116 Paris|Paris|75016
399|RICCI Eiffel|4.3|388|73 Av. Bosquet, 75007 Paris|Paris|75007
400|La pizza|4.6|100|268 Rue Lecourbe, 75015 Paris|Paris|75015
401|Giovanni Boulangerie Contemporaine|4.3|141|49 Rue Chardon Lagache, 75016 Paris|Paris|75016
403|Bambini Paris|3.1|831|Palais De Tokyo, 13 Av. du Président Wilson, 75116 Paris|Paris|75016
404|La Pasta 3|4.0|24|59 Av. Mozart, 75016 Paris|Paris|75016
405|Pizza sur Seine|3.8|85|Port de Beaugrenelle, 75015 Paris|Paris|75015
406|Andiamo Pizza|3.6|110|50 Rue de la Croix Nivert, 75015 Paris|Paris|75015
407|Da Lucia|4.6|226|281 Rue Lecourbe, 75015 Paris|Paris|75015
408|Aux Trois Obus|3.7|953|120 Rue Michel Ange, 75016 Paris|Paris|75016
409|Villa Auteuil BOULOGNE|3.5|4|1er à gauche, Rte de Boulogne à Passy, 75016 Paris|Paris|75016
410|Five Pizza Original - Paris 15 - St Charles|4.0|450|94 Rue St Charles, 75015 Paris|Paris|75015
412|Versailles Food|3.8|113|4 Rue Degas, 75016 Paris|Paris|75016
413|Ragazzi|4.2|534|2 Rue Guénot, 75011 Paris|Paris|75011
414|Alice Pizza - Paris 17|3.8|310|57 Rue des Dames, 75017 Paris|Paris|75017
415|Domino's Pizza Paris 17 - Batignolles|3.8|451|58 Rue Legendre, 75017 Paris|Paris|75017
416|Gustino Pizza|4.7|467|159 Rue Legendre, 75017 Paris|Paris|75017
417|Pizzeria - Via Roma|4.8|242|56 Rue des Dames, 75017 Paris|Paris|75017
418|Domino's Pizza Paris 17 - Place des Ternes|3.2|251|8 Rue Lebon, 75017 Paris|Paris|75017
419|Cucuzza Ristorante|4.4|559|14 Rue des Moines, 75017 Paris|Paris|75017
420|Chez Gusto Épicerie Italienne|4.3|112|12 Rue Jouffroy d'Abbans, 75017 Paris|Paris|75017
421|Il Grano|4.5|1041|212 Bis Bd Pereire, 75017 Paris|Paris|75017
422|Sonata Pizzeria Brochant|4.4|492|45 Rue Brochant, 75017 Paris|Paris|75017
423|Dizengoff Pizza 17ème|4.2|157|98 Rue de Saussure, 75017 Paris|Paris|75017
424|Di Loretta|4.4|252|12 Bd de Courcelles, 75017 Paris|Paris|75017
425|IL PARADISO - Campomarino|4.4|445|30 Rue Legendre, 75017 Paris|Paris|75017
426|Molino Pizza|4.8|36|5 Rue Sauffroy, 75017 Paris|Paris|75017
427|Trionfo|4.0|447|11 Rue de l'Étoile, 75017 Paris|Paris|75017
428|Lucky Luciano|4.1|435|46 Rue des Dames, 75017 Paris|Paris|75017
429|Pizzeria di Roma|4.0|33|43 Rue de Prony, 75017 Paris|Paris|75017
430|Il sole d'Italia|4.1|132|120 Rue des Moines, 75017 Paris|Paris|75017
431|Mama Mia Pizza|4.0|64|14 Rue Laugier, 75017 Paris|Paris|75017
432|Les artisans de la pizza La Jonquière|4.5|90|45 Rue de La Jonquière, 75017 Paris|Paris|75017
433|Bronx Pizzeria|4.5|1224|275 Bd Pereire, 75017 Paris|Paris|75017
434|GEMINI LEGENDRE - Pasta & Pizze|3.8|568|34 Rue Legendre, 75017 Paris|Paris|75017
435|GRUPPOMIMO - Restaurant Italien à Paris 17 - Pizza, pasta & cocktails|4.4|1474|61 Rue Legendre, 75017 Paris|Paris|75017
436|Palatino|4.3|174|22 Bd des Batignolles, 75017 Paris|Paris|75017
437|O'Five Pizza|4.1|269|74 Av. de Clichy, 75017 Paris|Paris|75017
438|Sole di Sardegna|4.4|160|7 Rue de Bizerte, 75017 Paris|Paris|75017
439|Roco|4.5|692|1 Rue Guillaume Tell, 75017 Paris|Paris|75017
440|PIZZA CINQ L’AUTHENTIQUE|4.4|192|7 Rue Pouchet, 75017 Paris|Paris|75017
441|Pizza Hut|2.8|232|63 Av. de Wagram, 75017 Paris|Paris|75017
442|PizzaPresto.paris|3.1|110|100 Av. Niel, 75017 Paris|Paris|75017
443|Lyna Ristorante|4.4|1063|34 Bd Pereire, 75017 Paris|Paris|75017
444|Chez Gusto|4.6|489|93 Rue de La Jonquière, 75017 Paris|Paris|75017
445|Casatoni|4.4|225|41 Rue Legendre, 75017 Paris|Paris|75017
446|LITTLE NONNA - Gluten Free Paris|4.1|1401|12 Av. Niel, 75017 Paris|Paris|75017
447|Ó core mio|4.7|151|95 Rue de Saussure, 75017 Paris|Paris|75017
448|Resto 17|3.6|84|91 Bd Bessières, 75017 Paris|Paris|75017
449|Pizza Di Roma|3.5|55|86 Rue la Condamine, 75017 Paris|Paris|75017
450|Aux saveurs d'Italie - Paris 17 - Guy Moquet|4.7|219|71 Rue Guy Môquet, 75017 Paris|Paris|75017
451|Zino|3.6|1430|97 Av. de Villiers, 75017 Paris|Paris|75017
452|Pizza King|4.3|300|107 Bd Bessières, 75017 Paris|Paris|75017
453|Little Capri|4.9|328|3 Sq. Paul Paray, 75017 Paris|Paris|75017
454|Delizie Italiane Paris17|4.4|5|71 R. de Lévis, 75017 Paris|Paris|75017
455|Little Italia|4.7|96|61 Rue de Saussure, 75017 Paris|Paris|75017
456|Vapiano Batignolles Pasta Pizza Bar|4.0|853|39, rue Mstislav Rostropovitch ZAC Clichy, 75017 Paris|Paris|75017
457|The Little Italy|3.8|4030|5 Pl. de Clichy, 75017 Paris|Paris|75017
458|Gusti Gusto|4.5|122|130 Rue Legendre, 75017 Paris|Paris|75017
459|Chez Antoine|4.2|38|30 Rue Laugier, 75017 Paris|Paris|75017
460|Santa Clara|4.4|37|55 Rue Guy Môquet, 75017 Paris|Paris|75017
461|RICCI Bayen|4.0|265|45 Rue Bayen, 75017 Paris|Paris|75017
462|Fratelli|4.3|647|130 Bd Malesherbes, 75017 Paris|Paris|75017
463|Mamma Primi|4.5|4952|18 Rue Boursault, 75017 Paris|Paris|75017
464|Manhattan Terrazza|4.0|1457|108 Av. de Villiers, 75017 Paris|Paris|75017
465|FLOCCO|4.2|317|116 Bd Pereire, 75017 Paris|Paris|75017
466|Piazzo|4.6|101|30 Rue Brochant, 75017 Paris|Paris|75017
467|La Trattoria di Bellagio|4.1|422|101 Av. des Ternes, 75017 Paris|Paris|75017
468|La Monella Pizzeria|4.2|86|2 Rue Lemercier, 75017 Paris|Paris|75017
469|Captain's Pizza|4.5|46|13 Rue Brey, 75017 Paris|Paris|75017
470|CIRO E I SUOI FRATELLI|4.8|154|34 Rue Saint-Ferdinand, 75017 Paris|Paris|75017
471|Le Zoo|4.0|26|87 Rue Cardinet, 75017 Paris|Paris|75017
472|Délices naan et Pizza|2.7|38|9 Rue Vicq d'Azir, 75010 Paris|Paris|75010
473|Pizza Time® Châtelet|3.9|67|33 Rue Saint-Denis, 75001 Paris|Paris|75001
474|Peppe Pizzeria|4.5|2362|2 Pl. Saint-Blaise, 75020 Paris|Paris|75020
475|Dinapoli Pizza Paris 20.|4.6|124|1 B Rue de la Réunion, 75020 Paris|Paris|75020
476|Pizzeria Paris 20 - Villa Cesar.|4.4|62|94 Rue des Pyrénées, 75020 Paris|Paris|75020
477|Adelio Pizza.|4.7|160|43bis Rue des Pyrénées, 75020 Paris|Paris|75020
478|Il Posto|4.4|1334|356 Rue des Pyrénées, 75020 Paris|Paris|75020
479|La Toscana.|4.4|495|118 Av. Gambetta, 75020 Paris|Paris|75020
480|Pizza Clip|4.4|269|13bis Av. du Père Lachaise, 75020 Paris|Paris|75020
481|Five Pizza Original - Paris 20|4.0|204|110 Rue d'Avron, 75020 Paris|Paris|75020
485|Domino's Pizza Paris 20 - Avron|2.8|242|71 Rue d'Avron, 75020 Paris|Paris|75020
488|Pizza Hut|3.4|196|7 Av. Gambetta, 75020 Paris|Paris|75020
489|Il Villaggio|4.4|203|5 Rue Constant Berthaut, 75020 Paris|Paris|75020
490|Pizza Hut|3.6|159|141 ter Av. Gambetta, 75020 Paris|Paris|75020
491|Popine Ménilmontant|4.3|1270|108 Bd de Ménilmontant, 75020 Paris|Paris|75020
492|il parigino|4.7|90|6 Rue Sorbier, 75020 Paris|Paris|75020
493|Del Totorino|4.7|616|36 Rue de Bagnolet, 75020 Paris|Paris|75020
494|Ristorante Prima|4.4|237|68 Av. Gambetta, 75020 Paris|Paris|75020
495|MA PIZZA|4.4|16|34 Rue du Surmelin, 75020 Paris|Paris|75020
496|Méli Mellow|4.8|233|55 bis Rue de Bagnolet, 75020 Paris|Paris|75020
497|Il Pinocchio|4.3|410|115 Av. Gambetta, 75020 Paris|Paris|75020
498|Popinette|4.1|88|7 Rue Etienne Dolet, 75020 Paris|Paris|75020
499|L'atelier du Kebab|4.4|178|119 Rue Pelleport, 75020 Paris|Paris|75020
501|Chicken time|3.8|149|114 Bd Davout, 75020 Paris|Paris|75020
502|Cappuccino Ristorante|4.3|67|33 Rue de Tlemcen, 75020 Paris|Paris|75020
503|L'Escale De L'Auberge.|4.0|93|178 Rue de Bagnolet, 75020 Paris|Paris|75020
504|Coups de Cœur|4.4|55|1 Rue du Retrait, 75020 Paris|Paris|75020
505|PIZZA PARIS GOURMAND|2.7|9|11 Av. Gambetta, 75020 Paris|Paris|75020
506|Mamagaya Pizza|4.1|72|74 Rue Jean-Pierre Timbaud, 75011 Paris|Paris|75011
507|Le Lelek Café|4.4|132|2 Bd de Ménilmontant, 75020 Paris|Paris|75020
508|Le53 Paris|3.8|32|53 Rue de Bagnolet, 75020 Paris|Paris|75020
509|Pizza house Paris 11|4.7|101|4 Rue Des Trois Couronnes, 75011 Paris|Paris|75011
510|Chicken Rapido|3.5|29|164 Bd Mortier, 75020 Paris|Paris|75020
511|Pizzeria Palermo|5.0|3|35 Rue Pelleport, 75020 Paris|Paris|75020
512|Pizza Mamma Paris|4.7|99|31 Rue Pétion, 75011 Paris|Paris|75011
516|The Best Chicken|3.9|22|127 Rue Pelleport, 75020 Paris|Paris|75020
517|Pizza Milano - chez Samy|4.3|52|9 Rue Guillaume Bertrand, 75011 Paris|Paris|75011
518|La Belle Pizze|4.3|32|349 Rue de Belleville, 75019 Paris|Paris|75019
520|Lauretta|4.1|178|48 Bd de la Villette, 75019 Paris|Paris|75019
521|Clip Pizza|5.0|1|178 Rue de Belleville, 75020 Paris|Paris|75020
522|Croq Pizza|4.3|108|24 Rue Godefroy Cavaignac, 75011 Paris|Paris|75011
523|Antioche|4.9|16|2 Rue de la Réunion, 75020 Paris|Paris|75020
524|IL SANTO|4.3|123|78 Av. du Dr Arnold Netter, 75012 Paris|Paris|75012
525|Semina|4.6|46|152 Rue de Charonne, 75011 Paris|Paris|75011
527|Lim Siu Hung|4.9|16|95 Rue Orfila, 75020 Paris|Paris|75020
529|McDonald's|3.6|2348|Place Gambetta, 7 Face Mairie du, 75020 Paris|Paris|75020
530|RFC Chicken - Pizza|3.8|46|59 Av. Philippe Auguste, 75011 Paris|Paris|75011
531|Le Relais des Pyrénées|4.2|83|256 Rue des Pyrénées, 75020 Paris|Paris|75020
532|LA BOÎTE A PIZZA Paris 12 Courteline|4.1|186|2 Av. Courteline, 75012 Paris|Paris|75012
533|Coin Sud|4.3|90|9 Av. Simon Bolivar, 75019 Paris|Paris|75019
534|Pizza 30 Paris|3.3|30|50 Rue Godefroy Cavaignac, 75011 Paris|Paris|75011
535|Casa Pizza|4.8|299|35 Av. Duquesne, 75007 Paris|Paris|75007
536|Popu Bistro à Pizza|4.8|676|12 Rue du Champ de Mars, 75007 Paris|Paris|75007
537|Pizza Hut|3.8|321|22bis Rue Jean Nicot, 75007 Paris|Paris|75007
538|Sonata Pizzeria Invalides|4.5|315|56 Bd de la Tour-Maubourg, 75007 Paris|Paris|75007
539|I PUPI|4.4|209|21 Rue Malar, 75007 Paris|Paris|75007
540|Domino's Pizza Paris 7|3.4|373|65 Rue Saint-Dominique, 75007 Paris|Paris|75007
541|Gusto Italia 218|4.3|1362|218 Rue de Grenelle, 75007 Paris|Paris|75007
542|Chez Pippo|4.6|2045|31 Av. de la Bourdonnais, 75007 Paris|Paris|75007
543|GIOCO Paris 7e|4.5|354|25 Av. de Ségur, 75007 Paris|Paris|75007
544|Casa pizza|4.4|19|26 Rue Malar, 75007 Paris|Paris|75007
546|CIAO RAGAZZI|4.8|27|22 B Rue Jean Nicot, 75007 Paris|Paris|75007
547|Alfio|4.3|804|43 Av. de la Bourdonnais, 75007 Paris|Paris|75007
548|Restaurant italien la gourmandise|4.5|155|28 Rue Augereau, 75007 Paris|Paris|75007
549|RICCI Eiffel|4.3|390|73 Av. Bosquet, 75007 Paris|Paris|75007
550|Bombona|4.3|134|8 Rue d'Estrées, 75007 Paris|Paris|75007
551|Di Felice|4.4|147|157 Rue de Grenelle, 75007 Paris|Paris|75007
552|Gusto Italia|4.2|465|11 Rue Amélie, 75007 Paris|Paris|75007
553|Al Dente|4.2|144|38 Rue de Varenne, 75007 Paris|Paris|75007
554|Trattoria Dell'Angelo|4.0|1391|6 Av. Rapp, 75007 Paris|Paris|75007
555|Giacomo by Gusto Italia|4.3|142|201 Rue de Grenelle, 75007 Paris|Paris|75007
556|Le Den|4.1|209|167 rue de Grenelle 70007, 75007 Paris|Paris|75007
557|Pizzeria da davide|4.8|8|197 Rue de Grenelle, 75007 Paris|Paris|75007
558|Da Piero Pizza & Pasta|4.5|321|59 Av. de Suffren, 75007 Paris|Paris|75007
559|Gemini|4.1|476|83 Rue Vaneau, 75007 Paris|Paris|75007
560|Capriccio Sorrentino|4.3|555|26 Rue de Monttessuy, 75007 Paris|Paris|75007
561|Casa Cristo|4.5|131|20 Rue Pierre Leroux, 75007 Paris|Paris|75007
562|La Piccolina|3.7|821|31 Av. de la Bourdonnais, 75007 Paris|Paris|75007
563|Gloria|4.5|711|108 Rue Saint-Dominique, 75007 Paris|Paris|75007
564|Carmine Café|4.2|1330|73 Av. de Suffren, 75007 Paris|Paris|75007
565|Angelo Pizzeria|4.5|53|197 Rue de Grenelle, 75007 Paris|Paris|75007
566|Ô Soleil De Naples|4.1|147|56 Rue de Babylone, 75007 Paris|Paris|75007
567|La Scala|3.5|55|5 Rue Paul-Louis Courier, 75007 Paris|Paris|75007
568|Il Grigio|4.2|756|147 Rue Saint-Dominique, 75007 Paris|Paris|75007
569|Su Misura|4.3|117|22 bis Av. Rapp, 75007 Paris|Paris|75007
570|Via Del Campo|4.7|216|22 Rue du Champ de Mars, 75007 Paris|Paris|75007
571|La Commanderie Paris|4.0|318|39 Av. de la Motte-Picquet, 75007 Paris|Paris|75007
572|Toscana|4.1|15|11 Rue Amélie, 75007 Paris|Paris|75007
573|Veramente|4.4|164|2 Rue Sedillot, 75007 Paris|Paris|75007
574|Casa Di Mario|4.6|304|132 Rue du Bac, 75007 Paris|Paris|75007
575|Il Sorrentino|4.4|660|4 Rue de Monttessuy, 75007 Paris|Paris|75007
576|Tavola de Leden|3.3|33|24 Rue Surcouf, 75007 Paris|Paris|75007
577|Da Rocco|4.6|292|119 Rue de Grenelle, 75007 Paris|Paris|75007
578|Casa Germain|4.2|138|83 Rue de l'Université, 75007 Paris|Paris|75007
579|Restaurant Sapori di Parma|4.6|457|56 Av. de la Bourdonnais, 75007 Paris|Paris|75007
580|Dafu|5.0|2|22bis Rue Jean Nicot, 75007 Paris|Paris|75007
581|Central Park Terrazza|4.4|908|3 Pl. de Breteuil, 75007 Paris|Paris|75007
582|Tribeca|4.0|922|36 Rue Cler, 75007 Paris|Paris|75007
583|Seven Food|3.7|158|196 Rue de Grenelle, 75007 Paris|Paris|75007
584|TOUR FOOD|3.9|588|24 Av. de Tourville, 75007 Paris|Paris|75007
585|Piero|4.4|128|44 Rue du Bac, 75007 Paris|Paris|75007
586|Epoca|4.5|680|17 Rue Oudinot, 75007 Paris|Paris|75007
587|Costa d'Amalfi|4.4|254|65 Rue de l'Université, 75007 Paris|Paris|75007
588|Société Evangelista|3.0|157|10 Rue de Bellechasse, 75007 Paris|Paris|75007
589|Caffé Toscano|4.3|117|34 Rue des Saints-Pères, 75007 Paris|Paris|75007
590|Le Sept Quinze|4.3|236|29 Av. de Lowendal, 75015 Paris|Paris|75015
591|Romantica caffe|3.9|416|96 Bd de la Tour-Maubourg, 75007 Paris|Paris|75007
592|15-12|1.5|6|6 Av. Rapp, 75007 Paris|Paris|75007
593|Nicole's|4.0|426|14 Rue de Bellechasse, 75007 Paris|Paris|75007
594|Pizza Fiorentina|3.0|571|7 Bd de Grenelle, 75015 Paris|Paris|75015
595|Primo Piano|3.9|45|Le Bon Marché, 24 Rue de Sèvres, 75007 Paris|Paris|75007
596|Firmine|4.1|2580|38B Av. de Suffren, 75015 Paris|Paris|75015
